Code établissement;Appellation officielle;Dénomination principale;Patronyme uai;Secteur Public/Privé;Adresse;Lieu dit;Boite postale;Code postal;Localite d'acheminement;Commune;Coordonnee X;Coordonnee Y;EPSG;Latitude;Longitude;Qualité d'appariement;Localisation;Code nature;Nature;Code état établissement;Etat établissement;Code département;Code région;Code académie;Code commune;Département;Région;Académie;Position;secteur_prive_code_type_contrat;secteur_prive_libelle_type_contrat;code_ministere;libelle_ministere;date_ouverture;*
0130528D;Ecole ̩l̩mentaire La Blancarde;ECOLE ELEMENTAIRE  PUBLIQUE;BLANCARDE (LA);Public;74 rue Beau;;;13012;MARSEILLE;Marseille 12e  Arrondissement;895632.5;6247613.4;EPSG:2154;4330081582359540,00;5,40993E+15;Parfaite;Num̩ro de rue;151;ECOLE DE NIVEAU ELEMENTAIRE;1;OUVERT;13;93;2;13212;Bouches-du-Rh̫ne;Provence-Alpes-C̫te d'Azur;Aix-Marseille;43.30081582359547,5.409930016788037;99;SANS OBJET;6;MINISTERE DE L'EDUCATION NATIONALE;10/07/1965;*
0130553F;Ecole ̩l̩mentaire Clair Soleil;ECOLE ELEMENTAIRE  PUBLIQUE;CLAIR SOLEIL;Public;Boulevard Charles Moretti;;;13014;MARSEILLE;Marseille 14e  Arrondissement;893512.0;6250095.0;EPSG:2154;4332370843545740,00;5,38475E+15;Parfaite;Num̩ro de rue;151;ECOLE DE NIVEAU ELEMENTAIRE;1;OUVERT;13;93;2;13214;Bouches-du-Rh̫ne;Provence-Alpes-C̫te d'Azur;Aix-Marseille;43.32370843545745,5.384747226636487;99;SANS OBJET;6;MINISTERE DE L'EDUCATION NATIONALE;10/07/1965;*
0130554G;Ecole ̩l̩mentaire Coin Joli;ECOLE ELEMENTAIRE  PUBLIQUE;COIN JOLI;Public;12 avenue Alfred Nicolas;;;13009;MARSEILLE;Marseille  9e  Arrondissement;895126.9;6243621.1;EPSG:2154;4326505815403180,00;5,40221E+15;Parfaite;Num̩ro de rue;151;ECOLE DE NIVEAU ELEMENTAIRE;1;OUVERT;13;93;2;13209;Bouches-du-Rh̫ne;Provence-Alpes-C̫te d'Azur;Aix-Marseille;43.26505815403189,5.402209858431614;99;SANS OBJET;6;MINISTERE DE L'EDUCATION NATIONALE;10/07/1965;*
0130571A;Ecole ̩l̩mentaire Grand Saint Giniez;ECOLE ELEMENTAIRE  PUBLIQUE;GRAND SAINT GINIEZ;Public;257 avenue de Mazargues;;;13008;MARSEILLE;Marseille  8e  Arrondissement;894399.4;6243328.4;EPSG:2154;43262625093270400,00;5,39315E+15;Parfaite;Num̩ro de rue;151;ECOLE DE NIVEAU ELEMENTAIRE;1;OUVERT;13;93;2;13208;Bouches-du-Rh̫ne;Provence-Alpes-C̫te d'Azur;Aix-Marseille;43.262625093270415,5.393149912823228;99;SANS OBJET;6;MINISTERE DE L'EDUCATION NATIONALE;10/07/1965;*
0130578H;Ecole ̩l̩mentaire Leverrier;ECOLE ELEMENTAIRE  PUBLIQUE;LEVERRIER;Public;6 place Leverrier;;;13004;MARSEILLE;Marseille  4e  Arrondissement;894283.0;6248187.0;EPSG:2154;4330634254803060,00;5,39353E+15;MANUEL;BATIMENT;151;ECOLE DE NIVEAU ELEMENTAIRE;1;OUVERT;13;93;2;13204;Bouches-du-Rh̫ne;Provence-Alpes-C̫te d'Azur;Aix-Marseille;43.30634254803065,5.393530322690156;99;SANS OBJET;6;MINISTERE DE L'EDUCATION NATIONALE;10/07/1965;*
0130583N;Ecole ̩l̩mentaire  Malpass̩;ECOLE ELEMENTAIRE  PUBLIQUE;MALPASSE;Public;16 rue du Docteur Grenier;;;13013;MARSEILLE;Marseille 13e  Arrondissement;896005.6;6249835.6;EPSG:2154;4332069428664940,00;5,41536E+15;Parfaite;Num̩ro de rue;151;ECOLE DE NIVEAU ELEMENTAIRE;1;OUVERT;13;93;2;13213;Bouches-du-Rh̫ne;Provence-Alpes-C̫te d'Azur;Aix-Marseille;43.32069428664941,5.415360336125633;99;SANS OBJET;6;MINISTERE DE L'EDUCATION NATIONALE;10/07/1965;*
0130591X;Ecole ̩l̩mentaire La Milli̬re;ECOLE ELEMENTAIRE  PUBLIQUE;MILLIERE (LA);Public;82 boulevard Albert Sauze;;;13011;MARSEILLE;Marseille 11e  Arrondissement;903113.0;6245723.0;EPSG:2154;43281726434555600,00;5,50128E+15;MANUEL;BATIMENT;151;ECOLE DE NIVEAU ELEMENTAIRE;1;OUVERT;13;93;2;13211;Bouches-du-Rh̫ne;Provence-Alpes-C̫te d'Azur;Aix-Marseille;43.281726434555694,5.501281810773537;99;SANS OBJET;6;MINISTERE DE L'EDUCATION NATIONALE;10/07/1965;*
0130606N;Ecole elementaire Pointe Rouge;ECOLE ELEMENTAIRE  PUBLIQUE;POINTE ROUGE;Public;10 boulevard PIOT;;;13008;MARSEILLE;Marseille  8e  Arrondissement;892800.1;6241047.2;EPSG:2154;4324254836659450,00;5,37263E+15;Parfaite;Num̩ro de rue;151;ECOLE DE NIVEAU ELEMENTAIRE;1;OUVERT;13;93;2;13208;Bouches-du-Rh̫ne;Provence-Alpes-C̫te d'Azur;Aix-Marseille;43.24254836659454,5.372630101998091;99;SANS OBJET;6;MINISTERE DE L'EDUCATION NATIONALE;10/07/1965;*
0130618B;Ecole ̩l̩mentaire La Rose Saint Th̩odore;ECOLE ELEMENTAIRE  PUBLIQUE;ROSE SAINT THEODORE (LA);Public;5 all̩e des Chardonnerets;;;13013;MARSEILLE;Marseille 13e  Arrondissement;897439.8;6250960.9;EPSG:2154;43330416468080200,00;5,43345E+15;Parfaite;Num̩ro de rue;151;ECOLE DE NIVEAU ELEMENTAIRE;1;OUVERT;13;93;2;13213;Bouches-du-Rh̫ne;Provence-Alpes-C̫te d'Azur;Aix-Marseille;43.330416468080244,5.433449929789991;99;SANS OBJET;6;MINISTERE DE L'EDUCATION NATIONALE;10/07/1965;*
0130619C;Ecole ̩l̩mentaire  La Roseraie;ECOLE ELEMENTAIRE  PUBLIQUE;ROSERAIE (LA);Public;6 rue Pierre Mouren;;;13007;MARSEILLE;Marseille  7e  Arrondissement;890968.3;6245465.0;EPSG:2154;4328276332612180,00;5,35172E+15;Parfaite;Num̩ro de rue;151;ECOLE DE NIVEAU ELEMENTAIRE;1;OUVERT;13;93;2;13207;Bouches-du-Rh̫ne;Provence-Alpes-C̫te d'Azur;Aix-Marseille;43.28276332612182,5.351719745309129;99;SANS OBJET;6;MINISTERE DE L'EDUCATION NATIONALE;10/07/1965;*
0130647H;Ecole ̩l̩mentaire Saint Mitre;ECOLE ELEMENTAIRE  PUBLIQUE;SAINT MITRE;Public;117 chemin de Ch̢teau Gombert;;;13013;MARSEILLE;Marseille 13e  Arrondissement;896302.0;6252137.0;EPSG:2154;4334130607115660,00;5,41988E+15;Parfaite;Num̩ro de rue;151;ECOLE DE NIVEAU ELEMENTAIRE;1;OUVERT;13;93;2;13213;Bouches-du-Rh̫ne;Provence-Alpes-C̫te d'Azur;Aix-Marseille;43.34130607115662,5.419879409895284;99;SANS OBJET;6;MINISTERE DE L'EDUCATION NATIONALE;10/07/1965;*
0130658V;Ecole ̩l̩mentaire La Timone;ECOLE ELEMENTAIRE  PUBLIQUE;TIMONE (LA);Public;23 rue Mathurin;;;13010;MARSEILLE;Marseille 10e  Arrondissement;895314.0;6245923.0;EPSG:2154;43285704050154800,00;5,40537E+14;MANUEL;BATIMENT;151;ECOLE DE NIVEAU ELEMENTAIRE;1;OUVERT;13;93;2;13210;Bouches-du-Rh̫ne;Provence-Alpes-C̫te d'Azur;Aix-Marseille;43.285704050154834,5.40537481999056;99;SANS OBJET;6;MINISTERE DE L'EDUCATION NATIONALE;10/07/1965;*
0130661Y;Ecole ̩l̩mentaire  Les Trois Ponts;ECOLE ELEMENTAIRE  PUBLIQUE;TROIS PONTS (LES);Public;Chemin Chante Perdrix;;;13010;MARSEILLE;Marseille 10e  Arrondissement;897833.0;6244576.0;EPSG:2154;4327289824880950,00;5,43587E+15;MANUEL;BATIMENT;151;ECOLE DE NIVEAU ELEMENTAIRE;1;OUVERT;13;93;2;13210;Bouches-du-Rh̫ne;Provence-Alpes-C̫te d'Azur;Aix-Marseille;43.27289824880951,5.435866239817466;99;SANS OBJET;6;MINISTERE DE L'EDUCATION NATIONALE;10/07/1965;*
0130663A;Ecole ̩l̩mentaire Valentine;ECOLE ELEMENTAIRE  PUBLIQUE;VALENTINE;Public;Avenue de la Tiranne;;;13011;MARSEILLE;Marseille 11e  Arrondissement;901820.0;6246998.0;EPSG:2154;43293557321251000,00;5,48586E+15;MANUEL;BATIMENT;151;ECOLE DE NIVEAU ELEMENTAIRE;1;OUVERT;13;93;2;13211;Bouches-du-Rh̫ne;Provence-Alpes-C̫te d'Azur;Aix-Marseille;43.293557321251065,5.485863552674201;99;SANS OBJET;6;MINISTERE DE L'EDUCATION NATIONALE;10/07/1965;*
0130688C;Ecole primaire Bompard;ECOLE PRIMAIRE PUBLIQUE;BOMPARD;Public;131 boulevard Bompard;;;13007;MARSEILLE;Marseille  7e  Arrondissement;891700.0;6245151.0;EPSG:2154;43279743614335300,00;5,36061E+15;Parfaite;BATIMENT;151;ECOLE DE NIVEAU ELEMENTAIRE;1;OUVERT;13;93;2;13207;Bouches-du-Rh̫ne;Provence-Alpes-C̫te d'Azur;Aix-Marseille;43.279743614335366,5.360609497320225;99;SANS OBJET;6;MINISTERE DE L'EDUCATION NATIONALE;10/07/1965;*
0130691F;Ecole ̩l̩mentaire  Breteuil;ECOLE ELEMENTAIRE  PUBLIQUE;BRETEUIL;Public;113 rue Breteuil;;;13006;MARSEILLE;Marseille  6e  Arrondissement;893015.2;6246026.6;EPSG:2154;43287261697545300,00;5,37712E+15;Parfaite;Num̩ro de rue;151;ECOLE DE NIVEAU ELEMENTAIRE;1;OUVERT;13;93;2;13206;Bouches-du-Rh̫ne;Provence-Alpes-C̫te d'Azur;Aix-Marseille;43.287261697545375,5.377119723373462;99;SANS OBJET;6;MINISTERE DE L'EDUCATION NATIONALE;10/07/1965;*
0130705W;Ecole ̩l̩mentaire  Botinelly;ECOLE ELEMENTAIRE  PUBLIQUE;BOTINELLY;Public;23 bis boulevard Louis Botinelly;;;13004;MARSEILLE;Marseille  4e  Arrondissement;895198.6;6247698.2;EPSG:2154;43301697278479700,00;5,40462E+16;Parfaite;Num̩ro de rue;151;ECOLE DE NIVEAU ELEMENTAIRE;1;OUVERT;13;93;2;13204;Bouches-du-Rh̫ne;Provence-Alpes-C̫te d'Azur;Aix-Marseille;43.301697278479736,5.4046200600387815;99;SANS OBJET;6;MINISTERE DE L'EDUCATION NATIONALE;10/07/1965;*
0130739H;Ecole ̩l̩mentaire Madrague Montredon;ECOLE ELEMENTAIRE  PUBLIQUE;MADRAGUE MONTREDON;Public;34 boulevard de la Verrerie;;;13008;MARSEILLE;Marseille  8e  Arrondissement;891966.2;6239921.6;EPSG:2154;432326527441311,00;5,36196E+15;Parfaite;Num̩ro de rue;151;ECOLE DE NIVEAU ELEMENTAIRE;1;OUVERT;13;93;2;13208;Bouches-du-Rh̫ne;Provence-Alpes-C̫te d'Azur;Aix-Marseille;43.2326527441311,5.361959906373723;99;SANS OBJET;6;MINISTERE DE L'EDUCATION NATIONALE;10/07/1965;*
0130745P;Ecole maternelle Maurelle S̩minaire;ECOLE MATERNELLE PUBLIQUE;MAURELLE SEMINAIRE;Public;22 rue Marius Briata;;;13013;MARSEILLE;Marseille 13e  Arrondissement;897994.9;6249892.0;EPSG:2154;43320651322570500,00;5,43988E+15;Parfaite;Num̩ro de rue;101;ECOLE MATERNELLE;1;OUVERT;13;93;2;13213;Bouches-du-Rh̫ne;Provence-Alpes-C̫te d'Azur;Aix-Marseille;43.320651322570505,5.439880257381744;99;SANS OBJET;6;MINISTERE DE L'EDUCATION NATIONALE;10/07/1965;*
0130753Y;Ecole ̩l̩mentaire d'application des Accoules;ECOLE ELEMENTAIRE  D'APPLICATION;ACCOULES (DES);Public;27 mont̩e des Accoules;;;13002;MARSEILLE;Marseille  2e  Arrondissement;892162.8;6247141.9;EPSG:2154;4329752028630900,00;5,36704E+15;Parfaite;Num̩ro de rue;153;ECOLE ELEMENTAIRE D APPLICATION;1;OUVERT;13;93;2;13202;Bouches-du-Rh̫ne;Provence-Alpes-C̫te d'Azur;Aix-Marseille;43.29752028630902,5.367039739739691;99;SANS OBJET;6;MINISTERE DE L'EDUCATION NATIONALE;10/07/1965;*
0130783F;Ecole ̩l̩mentaire Saint Andr̩ Condorcet;ECOLE ELEMENTAIRE  PUBLIQUE;SAINT ANDRE CONDORCET;Public;64 rue Condorcet;;;13016;MARSEILLE;Marseille 16e  Arrondissement;889896.8;6253731.8;EPSG:2154;4335738339250450,00;5,34155E+15;Parfaite;Num̩ro de rue;151;ECOLE DE NIVEAU ELEMENTAIRE;1;OUVERT;13;93;2;13216;Bouches-du-Rh̫ne;Provence-Alpes-C̫te d'Azur;Aix-Marseille;43.35738339250452,5.341550263550019;99;SANS OBJET;6;MINISTERE DE L'EDUCATION NATIONALE;10/07/1965;*
0130795U;Ecole ̩l̩mentaire Saint Julien 2;ECOLE ELEMENTAIRE  PUBLIQUE;SAINT JULIEN 2;Public;128 rue du Groupe scolaire;;;13012;MARSEILLE;Marseille 12e  Arrondissement;898566.4;6248953.6;EPSG:2154;433120546791175,00;5,44656E+15;Parfaite;Rue;151;ECOLE DE NIVEAU ELEMENTAIRE;1;OUVERT;13;93;2;13212;Bouches-du-Rh̫ne;Provence-Alpes-C̫te d'Azur;Aix-Marseille;43.3120546791175,5.446560142061784;99;SANS OBJET;6;MINISTERE DE L'EDUCATION NATIONALE;10/07/1965;*
0130796V;Ecole ̩l̩mentaire Saint-Just Centre 2;ECOLE ELEMENTAIRE  PUBLIQUE;SAINT JUST CENTRE 2;Public;16 rue Saint Georges;;;13013;MARSEILLE;Marseille 13e  Arrondissement;895206.5;6249651.0;EPSG:2154;4331925383854720,00;5,40545E+15;Parfaite;Num̩ro de rue;151;ECOLE DE NIVEAU ELEMENTAIRE;1;OUVERT;13;93;2;13213;Bouches-du-Rh̫ne;Provence-Alpes-C̫te d'Azur;Aix-Marseille;43.31925383854728,5.405449921929668;99;SANS OBJET;6;MINISTERE DE L'EDUCATION NATIONALE;10/07/1965;*
0130836N;Ecole maternelle Parc Bellevue;ECOLE MATERNELLE PUBLIQUE;PARC BELLEVUE;Public;143 rue F̩lix Pyat;;;13003;MARSEILLE;Marseille  3e  Arrondissement;892691.5;6249389.2;EPSG:2154;43317584475778700,00;5,37438E+15;Parfaite;Num̩ro de rue;101;ECOLE MATERNELLE;1;OUVERT;13;93;2;13203;Bouches-du-Rh̫ne;Provence-Alpes-C̫te d'Azur;Aix-Marseille;43.317584475778744,5.374380427902731;99;SANS OBJET;6;MINISTERE DE L'EDUCATION NATIONALE;10/07/1965;*
0130857L;Ecole maternelle Calanques de Sormiou;ECOLE MATERNELLE PUBLIQUE;CALANQUES DE SORMIOU;Public;141 chemin de Sormiou;;;13009;MARSEILLE;Marseille  9e  Arrondissement;895217.6;6239626.2;EPSG:2154;4322911468201350,00;5,40183E+15;Parfaite;Num̩ro de rue;101;ECOLE MATERNELLE;1;OUVERT;13;93;2;13209;Bouches-du-Rh̫ne;Provence-Alpes-C̫te d'Azur;Aix-Marseille;43.22911468201355,5.401830275452697;99;SANS OBJET;6;MINISTERE DE L'EDUCATION NATIONALE;01/09/1993;*
0130860P;Ecole maternelle Chave;ECOLE MATERNELLE PUBLIQUE;CHAVE;Public;193 boulevard Chave;;;13005;MARSEILLE;Marseille  5e  Arrondissement;894721.4;6247043.0;EPSG:2154;4329593659023730,00;5,3985E+14;Parfaite;Num̩ro de rue;101;ECOLE MATERNELLE;1;OUVERT;13;93;2;13205;Bouches-du-Rh̫ne;Provence-Alpes-C̫te d'Azur;Aix-Marseille;43.29593659023734,5.39850003828911;99;SANS OBJET;6;MINISTERE DE L'EDUCATION NATIONALE;10/07/1965;*
0130863T;Ecole maternelle Cit̩ Michelis;ECOLE MATERNELLE PUBLIQUE;CITE MICHELIS;Public;33 avenue du Pontet;;;13011;MARSEILLE;Marseille 11e  Arrondissement;898850.7;6245810.8;EPSG:2154;43283717475299200,00;5,44886E+15;Parfaite;Num̩ro de rue;101;ECOLE MATERNELLE;1;OUVERT;13;93;2;13211;Bouches-du-Rh̫ne;Provence-Alpes-C̫te d'Azur;Aix-Marseille;43.283717475299284,5.448860266869467;99;SANS OBJET;6;MINISTERE DE L'EDUCATION NATIONALE;10/07/1965;*
0130873D;Ecole maternelle Arenc Bachas Ext̩rieur;ECOLE MATERNELLE PUBLIQUE;ARENC BACHAS EXTERIEUR;Public;57 traverse du Bachas;;;13015;MARSEILLE;Marseille 15e  Arrondissement;892268.6;6249336.1;EPSG:2154;4331722126682900,00;5,36915E+15;Correcte;Rue;101;ECOLE MATERNELLE;1;OUVERT;13;93;2;13215;Bouches-du-Rh̫ne;Provence-Alpes-C̫te d'Azur;Aix-Marseille;43.31722126682903,5.369152880213213;99;SANS OBJET;6;MINISTERE DE L'EDUCATION NATIONALE;10/07/1965;*
0130875F;Ecole maternelle La Feuilleraie;ECOLE MATERNELLE PUBLIQUE;FEUILLERAIE (LA);Public;87 boulevard de Roux;;;13004;MARSEILLE;Marseille  4e  Arrondissement;895506.2;6248318.1;EPSG:2154;4330718679670300,00;5,40864E+14;Parfaite;Num̩ro de rue;101;ECOLE MATERNELLE;1;OUVERT;13;93;2;13204;Bouches-du-Rh̫ne;Provence-Alpes-C̫te d'Azur;Aix-Marseille;43.30718679670305,5.40863985374276;99;SANS OBJET;6;MINISTERE DE L'EDUCATION NATIONALE;10/07/1965;*
0130882N;Ecole maternelle Fiolle-Breteuil;ECOLE MATERNELLE PUBLIQUE;FIOLLE-BRETEUIL;Public;80 rue Docteur Jean Fiolle;;;13006;MARSEILLE;Marseille  6e  Arrondissement;893147.0;6245686.0;EPSG:2154;43284163499991000,00;5,37862E+15;MANUEL;BATIMENT;101;ECOLE MATERNELLE;1;OUVERT;13;93;2;13206;Bouches-du-Rh̫ne;Provence-Alpes-C̫te d'Azur;Aix-Marseille;43.284163499991024,5.378615631558845;99;SANS OBJET;6;MINISTERE DE L'EDUCATION NATIONALE;10/07/1965;*
0130884R;Ecole maternelle Le Corbusier;ECOLE MATERNELLE PUBLIQUE;LE CORBUSIER;Public;280 boulevard Michelet;;;13008;MARSEILLE;Marseille  8e  Arrondissement;894750.0;6243185.0;EPSG:2154;4326124009351100,00;5,39741E+15;Parfaite;BATIMENT;101;ECOLE MATERNELLE;1;OUVERT;13;93;2;13208;Bouches-du-Rh̫ne;Provence-Alpes-C̫te d'Azur;Aix-Marseille;43.26124009351105,5.397409736328711;99;SANS OBJET;6;MINISTERE DE L'EDUCATION NATIONALE;10/07/1965;*
0130976R;Ecole primaire Saint Pierre;ECOLE PRIMAIRE PUBLIQUE;SAINT PIERRE;Public;Chemin des Ecoles;SAINT PIERRE LES MARTIGU;;13500;MARTIGUES;Martigues;866565.7;6254477.1;EPSG:2154;4336992704836810,00;5,05424E+15;Parfaite;Rue;151;ECOLE DE NIVEAU ELEMENTAIRE;1;OUVERT;13;93;2;13056;Bouches-du-Rh̫ne;Provence-Alpes-C̫te d'Azur;Aix-Marseille;43.36992704836818,5.054240604814407;99;SANS OBJET;6;MINISTERE DE L'EDUCATION NATIONALE;10/07/1965;*
0131027W;Ecole primaire de La Gare;ECOLE PRIMAIRE  PUBLIQUE;DE LA GARE;Public;Avenue Fr̩d̩ric Mistral;;;13330;PELISSANNE;P̩lissanne;873811.1;6284035.8;EPSG:2154;4363403602490670,00;5,15349E+15;Correcte;Rue;151;ECOLE DE NIVEAU ELEMENTAIRE;1;OUVERT;13;93;2;13069;Bouches-du-Rh̫ne;Provence-Alpes-C̫te d'Azur;Aix-Marseille;43.63403602490675,5.153493880001844;99;SANS OBJET;6;MINISTERE DE L'EDUCATION NATIONALE;10/07/1965;*
0131041L;Ecole ̩l̩mentaire Jean Jaur̬s;ECOLE ELEMENTAIRE  PUBLIQUE;JEAN JAURES;Public;Avenue Jean Jaur̬s;;;13790;PEYNIER;Peynier;913889.5;6264650.3;EPSG:2154;43448751673640700,00;5,64169E+15;Parfaite;Num̩ro de rue;151;ECOLE DE NIVEAU ELEMENTAIRE;1;OUVERT;13;93;2;13072;Bouches-du-Rh̫ne;Provence-Alpes-C̫te d'Azur;Aix-Marseille;43.448751673640764,5.641690224611379;99;SANS OBJET;6;MINISTERE DE L'EDUCATION NATIONALE;10/07/1965;*
0131047T;Ecole ̩l̩mentaire Toussaint Barthomeuf;ECOLE ELEMENTAIRE  PUBLIQUE;TOUSSAINT BARTHOMEUF;Public;2 rue des Ecoles;;;13860;PEYROLLES EN PROVENCE;Peyrolles-en-Provence;908305.1;6286529.5;EPSG:2154;436471594368197,00;5,5816E+14;Parfaite;Num̩ro de rue;151;ECOLE DE NIVEAU ELEMENTAIRE;1;OUVERT;13;93;2;13074;Bouches-du-Rh̫ne;Provence-Alpes-C̫te d'Azur;Aix-Marseille;43.6471594368197,5.58160003600326;99;SANS OBJET;6;MINISTERE DE L'EDUCATION NATIONALE;10/07/1965;*
0131057D;Ecole ̩l̩mentaire Romain Rolland 1;ECOLE ELEMENTAIRE  PUBLIQUE;ROMAIN ROLLAND;Public;Quartier les Comtes;;;13110;PORT DE BOUC;Port-de-Bouc;861390.5;6258871.5;EPSG:2154;4341064001459600,00;4,99181E+15;Parfaite;Num̩ro de rue;151;ECOLE DE NIVEAU ELEMENTAIRE;1;OUVERT;13;93;2;13077;Bouches-du-Rh̫ne;Provence-Alpes-C̫te d'Azur;Aix-Marseille;43.41064001459606,4.991809574741413;99;SANS OBJET;6;MINISTERE DE L'EDUCATION NATIONALE;10/07/1965;*
0131067P;Ecole maternelle La Leque;ECOLE MATERNELLE PUBLIQUE;MARGUERITE BLOUVAT;Public;4 rue Victor Hugo;;;13110;PORT DE BOUC;Port-de-Bouc;860394.1;6257943.5;EPSG:2154;4340251937998880,00;4,97923E+15;Parfaite;Num̩ro de rue;101;ECOLE MATERNELLE;1;OUVERT;13;93;2;13077;Bouches-du-Rh̫ne;Provence-Alpes-C̫te d'Azur;Aix-Marseille;43.40251937998884,4.979230603423702;99;SANS OBJET;6;MINISTERE DE L'EDUCATION NATIONALE;10/07/1965;*
0131102C;Ecole ̩l̩mentaire Jean Moulin;ECOLE ELEMENTAIRE  PUBLIQUE;JEAN MOULIN;Public;Place Jean Moulin;;;13670;ST ANDIOL;Saint-Andiol;856526.4;6306044.0;EPSG:2154;4383604625156630,00;4,94615E+15;Parfaite;Num̩ro de rue;151;ECOLE DE NIVEAU ELEMENTAIRE;1;OUVERT;13;93;2;13089;Bouches-du-Rh̫ne;Provence-Alpes-C̫te d'Azur;Aix-Marseille;43.83604625156637,4.946149395581714;99;SANS OBJET;6;MINISTERE DE L'EDUCATION NATIONALE;10/07/1965;*
0131108J;Ecole ̩l̩mentaire Ir̬ne Joliot-Curie;ECOLE ELEMENTAIRE  PUBLIQUE;IRENE JOLIOT CURIE;Public;Boulevard Joliot Curie;;;13250;ST CHAMAS;Saint-Chamas;864577.4;6274323.1;EPSG:2154;4354887968043740,00;5,03604E+15;Parfaite;Num̩ro de rue;151;ECOLE DE NIVEAU ELEMENTAIRE;1;OUVERT;13;93;2;13092;Bouches-du-Rh̫ne;Provence-Alpes-C̫te d'Azur;Aix-Marseille;43.54887968043746,5.036039663258971;99;SANS OBJET;6;MINISTERE DE L'EDUCATION NATIONALE;10/07/1965;*
0131116T;Ecole ̩l̩mentaire Logisson;ECOLE ELEMENTAIRE  PUBLIQUE;LOGISSON;Public;Avenue C̩sar Bernaudon le Logisson;;;13310;ST MARTIN DE CRAU;Saint-Martin-de-Crau;846304.0;6283900.0;EPSG:2154;4363902992836140,00;4,81278E+15;MANUEL;BATIMENT;151;ECOLE DE NIVEAU ELEMENTAIRE;1;OUVERT;13;93;2;13097;Bouches-du-Rh̫ne;Provence-Alpes-C̫te d'Azur;Aix-Marseille;43.63902992836145,4.812777336272314;99;SANS OBJET;6;MINISTERE DE L'EDUCATION NATIONALE;10/07/1965;*
0131121Y;Ecole primaire paul caillat;ECOLE PRIMAIRE PUBLIQUE;PAUL CAILLAT;Public;Rue des Ecoles;;;13115;ST PAUL LES DURANCE;Saint-Paul-l̬s-Durance;918289.0;6291238.5;EPSG:2154;4368649949666230,00;5,70724E+15;Parfaite;Num̩ro de rue;151;ECOLE DE NIVEAU ELEMENTAIRE;1;OUVERT;13;93;2;13099;Bouches-du-Rh̫ne;Provence-Alpes-C̫te d'Azur;Aix-Marseille;43.68649949666238,5.707239552282261;99;SANS OBJET;6;MINISTERE DE L'EDUCATION NATIONALE;10/07/1965;*
0131133L;Ecole ̩l̩mentaire  Roger Delagnes;ECOLE ELEMENTAIRE  PUBLIQUE;ROGER DELAGNES;Public;Rue Roger Delagnes;;;13460;SAINTES MARIES DE LA MER;Saintes-Maries-de-la-Mer;815928.0;6262629.3;EPSG:2154;4345330543687230,00;4,43172E+15;Parfaite;Num̩ro de rue;151;ECOLE DE NIVEAU ELEMENTAIRE;1;OUVERT;13;93;2;13096;Bouches-du-Rh̫ne;Provence-Alpes-C̫te d'Azur;Aix-Marseille;43.45330543687232,4.431719452166652;99;SANS OBJET;6;MINISTERE DE L'EDUCATION NATIONALE;10/07/1965;*
0131139T;Ecole ̩l̩mentaire David Pierre Bonelli;ECOLE ELEMENTAIRE  PUBLIQUE;DAVID PIERRE BONELLI;Public;410 boulevard David;;;13300;SALON DE PROVENCE;Salon-de-Provence;869093.3;6285041.4;EPSG:2154;4364422298167640,00;5,0954E+16;Parfaite;Num̩ro de rue;151;ECOLE DE NIVEAU ELEMENTAIRE;1;OUVERT;13;93;2;13103;Bouches-du-Rh̫ne;Provence-Alpes-C̫te d'Azur;Aix-Marseille;43.64422298167646,5.0953993986270705;99;SANS OBJET;6;MINISTERE DE L'EDUCATION NATIONALE;10/07/1965;*
0131141V;Ecole ̩l̩mentaire  Marceau Ginoux;ECOLE ELEMENTAIRE  PUBLIQUE;MARCEAU GINOUX;Public;85 rue Ravoire;;;13300;SALON DE PROVENCE;Salon-de-Provence;868805.8;6284405.0;EPSG:2154;43638567313079200,00;5,09163E+15;Parfaite;Num̩ro de rue;151;ECOLE DE NIVEAU ELEMENTAIRE;1;OUVERT;13;93;2;13103;Bouches-du-Rh̫ne;Provence-Alpes-C̫te d'Azur;Aix-Marseille;43.638567313079285,5.091629525321074;99;SANS OBJET;6;MINISTERE DE L'EDUCATION NATIONALE;10/07/1965;*
0131166X;Ecole ̩l̩mentaire marius roussel;ECOLE ELEMENTAIRE  PUBLIQUE;MARIUS ROUSSEL;Public;Rue Lambert;;;13109;SIMIANE COLLONGUE;Simiane-Collongue;897357.3;6262077.3;EPSG:2154;4343039731460710,00;5,43666E+16;Parfaite;Rue;151;ECOLE DE NIVEAU ELEMENTAIRE;1;OUVERT;13;93;2;13107;Bouches-du-Rh̫ne;Provence-Alpes-C̫te d'Azur;Aix-Marseille;43.43039731460714,5.4366603345003774;99;SANS OBJET;6;MINISTERE DE L'EDUCATION NATIONALE;10/07/1965;*
0131174F;Ecole ̩l̩mentaire Edmond Brun;ECOLE ELEMENTAIRE  PUBLIQUE;EDMOND BRUN;Public;Rue Docteur Villemus;;;13530;TRETS;Trets;917567.9;6264588.8;EPSG:2154;4344708226015860,00;5,68706E+15;Parfaite;Num̩ro de rue;151;ECOLE DE NIVEAU ELEMENTAIRE;1;OUVERT;13;93;2;13110;Bouches-du-Rh̫ne;Provence-Alpes-C̫te d'Azur;Aix-Marseille;43.44708226015868,5.687060521450813;99;SANS OBJET;6;MINISTERE DE L'EDUCATION NATIONALE;10/07/1965;*
0131178K;Ecole ̩l̩mentaire Jean Giono;ECOLE ELEMENTAIRE  PUBLIQUE;JEAN GIONO;Public;185 avenue de la R̩publique;;;13880;VELAUX;Velaux;882408.0;6272050.3;EPSG:2154;4352407909462960,00;5,25571E+15;Parfaite;Num̩ro de rue;151;ECOLE DE NIVEAU ELEMENTAIRE;1;OUVERT;13;93;2;13112;Bouches-du-Rh̫ne;Provence-Alpes-C̫te d'Azur;Aix-Marseille;43.52407909462961,5.255710537697635;99;SANS OBJET;6;MINISTERE DE L'EDUCATION NATIONALE;10/07/1965;*
0131181N;Ecole ̩mentaire  Marcel Pagnol;ECOLE ELEMENTAIRE  PUBLIQUE;MARCEL PAGNOL;Public;Rue des Ecoles Qua Les Logis;;;13770;VENELLES;Venelles;900557.9;6280831.6;EPSG:2154;4359815266189690,00;5,48343E+15;Parfaite;Num̩ro de rue;151;ECOLE DE NIVEAU ELEMENTAIRE;1;OUVERT;13;93;2;13113;Bouches-du-Rh̫ne;Provence-Alpes-C̫te d'Azur;Aix-Marseille;43.59815266189697,5.483430581981081;99;SANS OBJET;6;MINISTERE DE L'EDUCATION NATIONALE;10/07/1965;*
0131219E;Ecole alimentaire Albert Camus;ECOLE ELEMENTAIRE  PUBLIQUE;ALBERT CAMUS;Public;Avenue de Lacanau;;;13700;MARIGNANE;Marignane;880077.4;6259477.2;EPSG:2154;4341160146576410,00;5,22253E+15;Parfaite;Numerp de rue;151;ECOLE DE NIVEAU ELEMENTAIRE;1;OUVERT;13;93;2;13054;Bouches-due;Provence-Alpes-C̫te d'Azur;Aix-Marseille;43.41160146576418,5.222529847405341;99;SANS OBJET;6;MINISTERE DE L'EDUCATION NATIONALE;17/10/1966;*
0131247K;Ecole maternelle Rose Frais Vallon Nord;ECOLE MATERNELLE PUBLIQUE;ROSE FRAIS VALLON NORD;Public;39 avenue de Frais Vallon;;;13013;MARSEILLE;Marseille 13e  Arrondissement;896860.0;6250360.0;EPSG:2154;433251738883293,00;5,42608E+15;MANUEL;BATIMENT;101;ECOLE MATERNELLE;1;OUVERT;13;93;2;13213;Bouches-du-Rh̫ne;Provence-Alpes-C̫te d'Azur;Aix-Marseille;43.3251738883293,5.426080908121367;99;SANS OBJET;6;MINISTERE DE L'EDUCATION NATIONALE;17/10/1966;*
0131251P;Ecole maternelle Parc des Chartreux;ECOLE MATERNELLE PUBLIQUE;PARC DES CHARTREUX;Public;61 avenue de Saint Just;;;13013;MARSEILLE;Marseille 13e  Arrondissement;895190.2;6249440.7;EPSG:2154;4331736736752370,00;5,40517E+15;Parfaite;Num̩ro de rue;101;ECOLE MATERNELLE;1;OUVERT;13;93;2;13213;Bouches-du-Rh̫ne;Provence-Alpes-C̫te d'Azur;Aix-Marseille;43.31736736752376,5.405170277900649;99;SANS OBJET;6;MINISTERE DE L'EDUCATION NATIONALE;17/10/1966;*
0131257W;Ecole maternelle Danielle Casanova;ECOLE MATERNELLE PUBLIQUE;DANIELLE CASANOVA;Public;Faubourg Hardon;;;13230;PORT ST LOUIS DU RHONE;Port-Saint-Louis-du-Rh̫ne;846912.9;6256225.6;EPSG:2154;4338998065373240,00;4,81245E+14;Parfaite;Num̩ro de rue;101;ECOLE MATERNELLE;1;OUVERT;13;93;2;13078;Bouches-du-Rh̫ne;Provence-Alpes-C̫te d'Azur;Aix-Marseille;43.38998065373242,4.81244996274333;99;SANS OBJET;6;MINISTERE DE L'EDUCATION NATIONALE;17/10/1966;*
0131258X;Ecole maternelle Vessiot;ECOLE MATERNELLE PUBLIQUE;VESSIOT;Public;Avenue de la 2̬me DIVISION BLINDEE;;;13420;GEMENOS;G̩menos;913897.0;6245541.9;EPSG:2154;43276944394023400,00;5,63391E+15;Correcte;Rue;101;ECOLE MATERNELLE;1;OUVERT;13;93;2;13042;Bouches-du-Rh̫ne;Provence-Alpes-C̫te d'Azur;Aix-Marseille;43.276944394023474,5.633913488314082;99;SANS OBJET;6;MINISTERE DE L'EDUCATION NATIONALE;17/10/1966;*
0131266F;Coll̬ge Nathalie Sarraute;COLLEGE;NATHALIE SARRAUTE;Public;400 route D' EOURES;;;13400;AUBAGNE;Aubagne;908166.4;6247750.2;EPSG:2154;4329849506194960,00;5,56428E+15;Parfaite;Num̩ro de rue;340;COLLEGE;1;OUVERT;13;93;2;13005;Bouches-du-Rh̫ne;Provence-Alpes-C̫te d'Azur;Aix-Marseille;43.29849506194962,5.564280295651818;99;SANS OBJET;6;MINISTERE DE L'EDUCATION NATIONALE;17/10/1966;*
0131277T;Ecole maternelle Notre Dame Limite Jean Perrin;ECOLE MATERNELLE PUBLIQUE;NOTRE DAME LIMITE JEAN PERRIN;Public;Chemin des Bourrely;;;13015;MARSEILLE;Marseille 15e  Arrondissement;891448.0;6256777.0;EPSG:2154;4338435077766120,00;5,36179E+15;Parfaite;Rue;101;ECOLE MATERNELLE;1;OUVERT;13;93;2;13215;Bouches-du-Rh̫ne;Provence-Alpes-C̫te d'Azur;Aix-Marseille;43.38435077766127,5.361788982397492;99;SANS OBJET;6;MINISTERE DE L'EDUCATION NATIONALE;12/01/1967;*
0131285B;Ecole ̩l̩mentaire Castellas Les Lions;ECOLE ELEMENTAIRE  PUBLIQUE;CASTELLAS LES LIONS;Public;Groupe Le Castellas;;;13015;MARSEILLE;Marseille 15e  Arrondissement;892692.7;6252990.3;EPSG:2154;4334996462077040,00;5,37573E+15;Correcte;Rue;151;ECOLE DE NIVEAU ELEMENTAIRE;1;OUVERT;13;93;2;13215;Bouches-du-Rh̫ne;Provence-Alpes-C̫te d'Azur;Aix-Marseille;43.34996462077049,5.375729858400105;99;SANS OBJET;6;MINISTERE DE L'EDUCATION NATIONALE;12/01/1967;*
0131335F;Lyc̩e g̩n̩ral priv̩ Chevreul Blancarde;LYCEE GENERAL PRIVE;CHEVREUL BLANCARDE;Priv̩;1 rue SAINT FRANCOIS DE SALES;;;13004;MARSEILLE;Marseille  4e  Arrondissement;894953.6;6247793.7;EPSG:2154;4330262303185710,00;5,40164E+16;Parfaite;Num̩ro de rue;302;LYCEE D ENSEIGNEMENT GENERAL;1;OUVERT;13;93;2;13204;Bouches-du-Rh̫ne;Provence-Alpes-C̫te d'Azur;Aix-Marseille;43.30262303185718,5.4016395772832775;30;CONTRAT D'ASSOCIATION TOUTES CLASSES;6;MINISTERE DE L'EDUCATION NATIONALE;01/09/1967;*
0131349W;Coll̬ge priv̩ La Pr̩sentation;COLLEGE PRIVE;LA PRESENTATION;Priv̩;162  AVENUE MARECHAL JOFFRE;;;13300;SALON DE PROVENCE;Salon-de-Provence;869270.9;6284861.6;EPSG:2154;4364256330561970,00;5,09754E+15;Correcte;Num̩ro de rue;340;COLLEGE;1;OUVERT;13;93;2;13103;Bouches-du-Rh̫ne;Provence-Alpes-C̫te d'Azur;Aix-Marseille;43.64256330561971,5.097540005990636;30;CONTRAT D'ASSOCIATION TOUTES CLASSES;6;MINISTERE DE L'EDUCATION NATIONALE;01/09/1921;*
0131372W;Coll̬ge priv̩ Saint Joseph;COLLEGE PRIVE;ST JOSEPH;Priv̩;61  BOULEVARD VIALA;;;13344;MARSEILLE CEDEX 15;Marseille 15e  Arrondissement;891499.0;6251276.4;EPSG:2154;4333487537990560,00;5,36039E+15;Correcte;Num̩ro de rue;340;COLLEGE;1;OUVERT;13;93;2;13215;Bouches-du-Rh̫ne;Provence-Alpes-C̫te d'Azur;Aix-Marseille;43.33487537990565,5.360389925458443;30;CONTRAT D'ASSOCIATION TOUTES CLASSES;6;MINISTERE DE L'EDUCATION NATIONALE;15/03/1967;*
0131391S;LYCEE DES METIERS PRIVE ST ELOI;LYCEE POLYVALENT PRIVE LYCEE DES METIERS;ST ELOI;Priv̩;9  AVENUE JULES ISAAC;;;13626;AIX EN PROVENCE CEDEX 1;Aix-en-Provence;898098.4;6273606.0;EPSG:2154;43533863797465100,00;5,45022E+15;Correcte;Num̩ro de rue;306;LYCEE POLYVALENT;1;OUVERT;13;93;2;13001;Bouches-du-Rh̫ne;Provence-Alpes-C̫te d'Azur;Aix-Marseille;43.533863797465116,5.450219803674986;30;CONTRAT D'ASSOCIATION TOUTES CLASSES;6;MINISTERE DE L'EDUCATION NATIONALE;15/03/1967;*
0131484T;LYCEE DES METIERS PRIVE BRISE LAMES;LYCEE DES METIERS PRIVE;BRISE LAMES;Priv̩;ROUTE DE LA VIERGE;;;13500;MARTIGUES;Martigues;865167.5;6259803.1;EPSG:2154;4341815125070420,00;5,0387E+14;Parfaite;Num̩ro de rue;320;LYCEE PROFESSIONNEL;1;OUVERT;13;93;2;13056;Bouches-du-Rh̫ne;Provence-Alpes-C̫te d'Azur;Aix-Marseille;43.41815125070422,5.03869993196512;30;CONTRAT D'ASSOCIATION TOUTES CLASSES;6;MINISTERE DE L'EDUCATION NATIONALE;19/07/1968;*
0131526N;Ecole maternelle Canourgues;ECOLE MATERNELLE PUBLIQUE;CANOURGUES;Public;Rue Alphonse Daudet;;;13300;SALON DE PROVENCE;Salon-de-Provence;869412.6;6285667.2;EPSG:2154;4364977559013930,00;5,09956E+16;Parfaite;Num̩ro de rue;101;ECOLE MATERNELLE;1;OUVERT;13;93;2;13103;Bouches-du-Rh̫ne;Provence-Alpes-C̫te d'Azur;Aix-Marseille;43.64977559013931,5.0995604415133196;99;SANS OBJET;6;MINISTERE DE L'EDUCATION NATIONALE;30/09/1967;*
0131535Y;Ecole ̩l̩mentaire Cit̩ Azoulay;ECOLE ELEMENTAIRE  PUBLIQUE;CITE AZOULAY;Public;21 rue Rapha��l;;;13008;MARSEILLE;Marseille  8e  Arrondissement;894195.8;6243933.6;EPSG:2154;432681220955237,00;5,39087E+15;Parfaite;Num̩ro de rue;151;ECOLE DE NIVEAU ELEMENTAIRE;1;OUVERT;13;93;2;13208;Bouches-du-Rh̫ne;Provence-Alpes-C̫te d'Azur;Aix-Marseille;43.2681220955237,5.390870546968381;99;SANS OBJET;6;MINISTERE DE L'EDUCATION NATIONALE;30/09/1967;*
0131538B;Ecole ̩l̩mentaire  Peyssonnel 2;ECOLE ELEMENTAIRE  PUBLIQUE;PEYSSONNEL 2;Public;26 rue Peyssonnel;;;13003;MARSEILLE;Marseille  3e  Arrondissement;892619.0;6248284.0;EPSG:2154;43307666467461500,00;5,37308E+15;MANUEL;BATIMENT;151;ECOLE DE NIVEAU ELEMENTAIRE;1;OUVERT;13;93;2;13203;Bouches-du-Rh̫ne;Provence-Alpes-C̫te d'Azur;Aix-Marseille;43.307666467461516,5.373078451174543;99;SANS OBJET;6;MINISTERE DE L'EDUCATION NATIONALE;30/09/1967;*
0240948A;Ecole primaire priv̩e Sainte Croix;ECOLE PRIMAIRE PRIVEE;SAINTE CROIX;Priv̩;23 rue de la Calprenede;;;24200;SARLAT LA CANEDA;Sarlat-la-Can̩da;558815.9;6422888.6;EPSG:2154;4489079320573820,00;1,21164E+16;MANUEL;PLAQUE_ADRESSE;151;ECOLE DE NIVEAU ELEMENTAIRE;1;OUVERT;24;75;4;24520;Dordogne;Nouvelle-Aquitaine;Bordeaux;44.89079320573823,1.2116423435617272;30;CONTRAT D'ASSOCIATION TOUTES CLASSES;6;MINISTERE DE L'EDUCATION NATIONALE;22/03/1971;*
0240966V;Ecole primaire de l'acacia;ECOLE PRIMAIRE PUBLIQUE;;Public;6 rue des Ecoles;;;24270;PAYZAC;Payzac;560457.3;6479382.5;EPSG:2154;4539967149300250,00;1,21626E+16;MANUEL;PLAQUE_ADRESSE;151;ECOLE DE NIVEAU ELEMENTAIRE;1;OUVERT;24;75;4;24320;Dordogne;Nouvelle-Aquitaine;Bordeaux;45.39967149300255,1.2162642261852223;99;SANS OBJET;6;MINISTERE DE L'EDUCATION NATIONALE;05/06/1972;*
0240984P;Lyc̩e professionnel L̩onard de Vinci - Lyc̩e des m̩tiers de l'industrie;LP LYCEE DES METIERS;LEONARD DE VINCI;Public;1 chemin DE SALTGOURDE;;;24000;PERIGUEUX;P̩rigueux;517597.6;6458176.4;EPSG:2154;45198751784122700,00;0.6766540627856404;MANUEL;PLAQUE_ADRESSE;320;LYCEE PROFESSIONNEL;1;OUVERT;24;75;4;24322;Dordogne;Nouvelle-Aquitaine;Bordeaux;45.198751784122784,0.6766540627856404;99;SANS OBJET;6;MINISTERE DE L'EDUCATION NATIONALE;02/04/1973;*
0240989V;Ecole primaire;ECOLE PRIMAIRE PUBLIQUE;;Public;BOURG;;;24470;ST SAUD LACOUSSIERE;Saint-Saud-Lacoussi̬re;529589.0;6496042.1;EPSG:2154;4554265541320180,00;0.815977157209204;MANUEL;PLAQUE_ADRESSE;151;ECOLE DE NIVEAU ELEMENTAIRE;1;OUVERT;24;75;4;24498;Dordogne;Nouvelle-Aquitaine;Bordeaux;45.54265541320189,0.815977157209204;99;SANS OBJET;6;MINISTERE DE L'EDUCATION NATIONALE;14/06/1973;*
0241015Y;Ecole maternelle;ECOLE MATERNELLE PUBLIQUE;;Public;1 rue du 8 Mai 1945;;;24430;RAZAC SUR L ISLE;Razac-sur-l'Isle;511737.3;6454377.4;EPSG:2154;4516298347514450,00;0.603521939206499;MANUEL;PLAQUE_ADRESSE;101;ECOLE MATERNELLE;1;OUVERT;24;75;4;24350;Dordogne;Nouvelle-Aquitaine;Bordeaux;45.16298347514459,0.603521939206499;99;SANS OBJET;6;MINISTERE DE L'EDUCATION NATIONALE;28/05/1976;*
0241042C;Coll̬ge Bertran de Born;COLLEGE;BERTRAN DE BORN;Public;1 rue CHARLES MANGOLD;;90029;24001;PERIGUEUX CEDEX;P̩rigueux;520936.7;6455990.4;EPSG:2154;4517995328995040,00;0.7199656717477361;MANUEL;PLAQUE_ADRESSE;340;COLLEGE;1;OUVERT;24;75;4;24322;Dordogne;Nouvelle-Aquitaine;Bordeaux;45.17995328995045,0.7199656717477361;99;SANS OBJET;6;MINISTERE DE L'EDUCATION NATIONALE;14/03/1977;*
0241268Y;Ecole ̩l̩mentaire priv̩e la marelle;ECOLE ELEMENTAIRE PRIVEE;LA MARELLE;Priv̩;Bourg;Saint-Pantaly-d'Ans;;24640;CUBJAC AUVEZERE VAL D ANS;Cubjac-Auv̩z̬re-Val d'Ans;542426.9;6462271.7;EPSG:2154;4524174479689550,00;0.9914429991841258;MANUEL;PLAQUE_ADRESSE;151;ECOLE DE NIVEAU ELEMENTAIRE;1;OUVERT;24;75;4;24147;Dordogne;Nouvelle-Aquitaine;Bordeaux;45.24174479689555,0.9914429991841258;10;HORS CONTRAT;6;MINISTERE DE L'EDUCATION NATIONALE;01/09/2013;*
0241285S;Ecole primaire de la Force;ECOLE PRIMAIRE;;Public;Rue Rousseau;;;24130;LA FORCE;La Force;492623.6;6422292.2;EPSG:2154;4486876903826750,00;0.37396520329711974;MANUEL;PLAQUE_ADRESSE;151;ECOLE DE NIVEAU ELEMENTAIRE;1;OUVERT;24;75;4;24222;Dordogne;Nouvelle-Aquitaine;Bordeaux;44.86876903826759,0.37396520329711974;99;SANS OBJET;6;MINISTERE DE L'EDUCATION NATIONALE;01/09/2016;*
0241308S;̩cole primaire;ECOLE PRIMAIRE PUBLIQUE;PONT DE JUILLET;Public;12 avenue;du Pont de Juillet;;24500;EYMET;Eymet;493885.0;6400379.6;EPSG:2154;4467197168783660,00;0.3990634904195457;MANUEL;PLAQUE_ADRESSE;151;ECOLE DE NIVEAU ELEMENTAIRE;1;OUVERT;24;75;4;24167;Dordogne;Nouvelle-Aquitaine;Bordeaux;44.67197168783665,0.3990634904195457;99;SANS OBJET;6;MINISTERE DE L'EDUCATION NATIONALE;01/09/2019;*
0241311V;̩cole primaire;ECOLE PRIMAIRE PUBLIQUE;;Public;Rue Emile Zola;;;24210;THENON;Thenon;548342.4;6450789.8;EPSG:2154;4513971998831830,00;1,07039E+16;MANUEL;PLAQUE_ADRESSE;151;ECOLE DE NIVEAU ELEMENTAIRE;1;OUVERT;24;75;4;24550;Dordogne;Nouvelle-Aquitaine;Bordeaux;45.13971998831834,1.0703920314183377;99;SANS OBJET;6;MINISTERE DE L'EDUCATION NATIONALE;01/09/2019;*
0241322G;ECOLE ELEMENTAIRE LES PETITS MOLIERES;ECOLE ELEMENTAIRE PRIVEE;;Priv̩;;LE BOURG;;24480;MOLIERES;Moli̬res;527984.7;6414783.2;EPSG:2154;4481087308578220,00;0.8241168357604468;MANUEL;PLAQUE_ADRESSE;151;ECOLE DE NIVEAU ELEMENTAIRE;1;OUVERT;24;75;4;24273;Dordogne;Nouvelle-Aquitaine;Bordeaux;44.81087308578223,0.8241168357604468;10;HORS CONTRAT;6;MINISTERE DE L'EDUCATION NATIONALE;01/09/2020;*
0250035C;Coll̬ge Guynemer;COLLEGE;GUYNEMER;Public;2 rue Guynemer;;;25200;MONTBELIARD;Montb̩liard;985643.1;6719435.5;EPSG:2154;47513469731807800,00;6,79667E+15;Parfaite;Num̩ro de rue;340;COLLEGE;1;OUVERT;25;27;3;25388;Doubs;Bourgogne-Franche-Comt̩;Besan̤on;47.513469731807824,6.796669389377004;99;SANS OBJET;6;MINISTERE DE L'EDUCATION NATIONALE;01/05/1965;*
0250050U;Coll̬ge Les Villanelles;COLLEGE;LES VILLANELLES;Public;1 rue Jalat Thaler;;2;25680;ROUGEMONT;Rougemont;952468.9;6714623.7;EPSG:2154;474837159097461,00;6,35358E+15;Parfaite;Num̩ro de rue;340;COLLEGE;1;OUVERT;25;27;3;25505;Doubs;Bourgogne-Franche-Comt̩;Besan̤on;47.4837159097461,6.353579981938877;99;SANS OBJET;6;MINISTERE DE L'EDUCATION NATIONALE;01/05/1965;*
0250063H;Lyc̩e professionnel Jouffroy d'Abbans;LYCEE PROFESSIONNEL;JOUFFROY D'ABBANS;Public;16 rue de l'Helvetie;;52019;25112;BAUME LES DAMES CEDEX;Baume-les-Dames;952861.8;6699724.8;EPSG:2154;4734956760159780,00;6,3504E+15;Parfaite;Num̩ro de rue;320;LYCEE PROFESSIONNEL;1;OUVERT;25;27;3;25047;Doubs;Bourgogne-Franche-Comt̩;Besan̤on;47.34956760159781,6.350400573622814;99;SANS OBJET;6;MINISTERE DE L'EDUCATION NATIONALE;01/05/1965;*
0250165U;Ecole ̩l̩mentaire les Terreaux;ECOLE ELEMENTAIRE PUBLIQUE;TERREAUX;Public;4 rue de Provence;;;25110;BAUME LES DAMES;Baume-les-Dames;953488.7;6700033.1;EPSG:2154;47352100791977800,00;6,35887E+15;Parfaite;Num̩ro de rue;151;ECOLE DE NIVEAU ELEMENTAIRE;1;OUVERT;25;27;3;25047;Doubs;Bourgogne-Franche-Comt̩;Besan̤on;47.352100791977875,6.358870609005782;99;SANS OBJET;6;MINISTERE DE L'EDUCATION NATIONALE;30/06/1965;*
0250182M;Ecole primaire Jean Boichard;ECOLE PRIMAIRE PUBLIQUE;BOICHARD JEAN;Public;2 chemin de la Chaille;;;25000;BESANCON;Besan̤on;925080.3;6686203.4;EPSG:2154;4723795573750780,00;5,97592E+15;Parfaite;Num̩ro de rue;151;ECOLE DE NIVEAU ELEMENTAIRE;1;OUVERT;25;27;3;25056;Doubs;Bourgogne-Franche-Comt̩;Besan̤on;47.23795573750781,5.975919628946582;99;SANS OBJET;6;MINISTERE DE L'EDUCATION NATIONALE;28/06/1965;*
0250254R;Ecole maternelle Granvelle;ECOLE MATERNELLE PUBLIQUE;GRANVELLE;Public;10  IMPASSE GRANVELLE;;;25000;BESANCON;Besan̤on;928736.9;6686166.9;EPSG:2154;4723637697156450,00;6,0242E+16;Parfaite;Num̩ro de rue;101;ECOLE MATERNELLE;1;OUVERT;25;27;3;25056;Doubs;Bourgogne-Franche-Comt̩;Besan̤on;47.23637697156454,6.0242003380513856;99;SANS OBJET;6;MINISTERE DE L'EDUCATION NATIONALE;05/07/1965;*
0250266D;Ecole maternelle Jules Ferry;ECOLE MATERNELLE PUBLIQUE;FERRY JULES;Public;7 rue Pesty;;;25000;BESANCON;Besan̤on;926494.5;6685085.9;EPSG:2154;47227421302240700,00;5,99404E+15;Parfaite;Num̩ro de rue;101;ECOLE MATERNELLE;1;OUVERT;25;27;3;25056;Doubs;Bourgogne-Franche-Comt̩;Besan̤on;47.227421302240735,5.994039774984713;99;SANS OBJET;6;MINISTERE DE L'EDUCATION NATIONALE;05/07/1965;*
0250348T;Ecole primaire;ECOLE PRIMAIRE PUBLIQUE;;Public;2 route des Paturages;;;25240;CHAPELLE DES BOIS;Chapelle-des-Bois;938431.3;6615679.4;EPSG:2154;4659882440211530,00;6,11549E+15;Parfaite;Num̩ro de rue;151;ECOLE DE NIVEAU ELEMENTAIRE;1;OUVERT;25;27;3;25121;Doubs;Bourgogne-Franche-Comt̩;Besan̤on;46.59882440211532,6.115490568382431;99;SANS OBJET;6;MINISTERE DE L'EDUCATION NATIONALE;09/07/1965;*
0250374W;Ecole primaire;ECOLE PRIMAIRE PUBLIQUE;INTERCOMMUNALE;Public;3 rue des Ecoles;;;25500;LA CHENALOTTE;La Chenalotte;979350.4;6674097.6;EPSG:2154;471084632197767,00;6,68505E+16;Parfaite;Num̩ro de rue;151;ECOLE DE NIVEAU ELEMENTAIRE;1;OUVERT;25;27;3;25148;Doubs;Bourgogne-Franche-Comt̩;Besan̤on;47.1084632197767,6.6850501540341885;99;SANS OBJET;6;MINISTERE DE L'EDUCATION NATIONALE;13/07/1965;*
0250406F;Ecole primaire Ren̩ Perrot;ECOLE PRIMAIRE PUBLIQUE;RENE PERROT;Public;1 RUE JEAN-BAPTISTE PATARD;;;25680;CUSE ET ADRISANS;Cuse-et-Adrisans;955301.4;6714258.3;EPSG:2154;4747934111174840,00;6,39095E+15;Parfaite;Num̩ro de rue;151;ECOLE DE NIVEAU ELEMENTAIRE;1;OUVERT;25;27;3;25184;Doubs;Bourgogne-Franche-Comt̩;Besan̤on;47.47934111174844,6.390950184949252;99;SANS OBJET;6;MINISTERE DE L'EDUCATION NATIONALE;30/06/1965;*
0250429F;Ecole ̩l̩mentaire;ECOLE ELEMENTAIRE PUBLIQUE;;Public;6 rue de l'Ecole;;;25300;DOMMARTIN;Dommartin;951640.6;6652299.0;EPSG:2154;46923438329857700,00;6,30793E+16;Parfaite;Num̩ro de rue;151;ECOLE DE NIVEAU ELEMENTAIRE;1;OUVERT;25;27;3;25201;Doubs;Bourgogne-Franche-Comt̩;Besan̤on;46.923438329857795,6.3079296833679095;99;SANS OBJET;6;MINISTERE DE L'EDUCATION NATIONALE;12/07/1965;*
0250439S;Ecole ̩l̩mentaire Robert Delavaux;ECOLE ELEMENTAIRE PUBLIQUE;ROBERT DELAVAUX;Public;22 rue de la Carri̬re;;;25480;ECOLE VALENTIN;Ecole-Valentin;925515.1;6690163.4;EPSG:2154;47273432817565500,00;5,98364E+15;Parfaite;Num̩ro de rue;151;ECOLE DE NIVEAU ELEMENTAIRE;1;OUVERT;25;27;3;25212;Doubs;Bourgogne-Franche-Comt̩;Besan̤on;47.273432817565585,5.983640331481872;99;SANS OBJET;6;MINISTERE DE L'EDUCATION NATIONALE;29/06/1965;*
0250440T;Ecole primaire;ECOLE PRIMAIRE PUBLIQUE;;Public;6 GRANDE RUE;;;25140;LES ECORCES;Les Ecorces;987345.0;6686839.4;EPSG:2154;4721963802437850,00;6,79843E+14;Parfaite;Num̩ro de rue;151;ECOLE DE NIVEAU ELEMENTAIRE;1;OUVERT;25;27;3;25213;Doubs;Bourgogne-Franche-Comt̩;Besan̤on;47.21963802437859,6.79843018753985;99;SANS OBJET;6;MINISTERE DE L'EDUCATION NATIONALE;13/07/1965;*
0250458M;Ecole maternelle Louis Pergaud;ECOLE MATERNELLE PUBLIQUE;LOUIS PERGAUD;Public;Place du 14 juillet;;;25460;ETUPES;Etupes;990057.3;6718604.9;EPSG:2154;4750407743814840,00;6,85471E+15;Parfaite;Num̩ro de rue;101;ECOLE MATERNELLE;1;OUVERT;25;27;3;25228;Doubs;Bourgogne-Franche-Comt̩;Besan̤on;47.50407743814846,6.854710421159186;99;SANS OBJET;6;MINISTERE DE L'EDUCATION NATIONALE;08/07/1965;*
0250461R;Ecole primaire;ECOLE PRIMAIRE PUBLIQUE;INTERCOMMUNALE;Public;43  GRANDE RUE;;;25520;EVILLERS;Evillers;945066.7;6660608.7;EPSG:2154;4700063884810480,00;6,22607E+16;Parfaite;Num̩ro de rue;151;ECOLE DE NIVEAU ELEMENTAIRE;1;OUVERT;25;27;3;25229;Doubs;Bourgogne-Franche-Comt̩;Besan̤on;47.00063884810484,6.2260704632199175;99;SANS OBJET;6;MINISTERE DE L'EDUCATION NATIONALE;09/07/1965;*
0250475F;Ecole maternelle;ECOLE MATERNELLE PUBLIQUE;FRANCOISE DOLTO;Public;2 rue Fran̤ois Mitterrand;;;25490;FESCHES LE CHATEL;Fesches-le-Ch̢tel;994238.5;6720829.7;EPSG:2154;4752222969372000,00;6,91165E+15;Parfaite;Num̩ro de rue;101;ECOLE MATERNELLE;1;OUVERT;25;27;3;25237;Doubs;Bourgogne-Franche-Comt̩;Besan̤on;47.52222969372009,6.911649673902916;99;SANS OBJET;6;MINISTERE DE L'EDUCATION NATIONALE;05/07/1965;*
0250497E;Ecole primaire;ECOLE PRIMAIRE PUBLIQUE;;Public;5 GRANDE RUE;;;25140;FRAMBOUHANS;Frambouhans;984925.3;6686406.6;EPSG:2154;4721678917985330,00;6,76622E+15;Parfaite;Num̩ro de rue;151;ECOLE DE NIVEAU ELEMENTAIRE;1;OUVERT;25;27;3;25256;Doubs;Bourgogne-Franche-Comt̩;Besan̤on;47.21678917985339,6.766220057314454;99;SANS OBJET;6;MINISTERE DE L'EDUCATION NATIONALE;13/07/1965;*
0250510U;Ecole primaire;ECOLE PRIMAIRE PUBLIQUE;;Public;Rue du Chenil;;;25870;GENEUILLE;Geneuille;924257.1;6695728.0;EPSG:2154;47323918823627400,00;5,96978E+15;Parfaite;Num̩ro de rue;151;ECOLE DE NIVEAU ELEMENTAIRE;1;OUVERT;25;27;3;25265;Doubs;Bourgogne-Franche-Comt̩;Besan̤on;47.323918823627494,5.969779892816373;99;SANS OBJET;6;MINISTERE DE L'EDUCATION NATIONALE;29/06/1965;*
0250512W;Ecole primaire;ECOLE PRIMAIRE PUBLIQUE;;Public;1 rue de l'Ecole;;;25660;GENNES;Gennes;936226.2;6687606.7;EPSG:2154;4724670496536650,00;6,12387E+15;Parfaite;Num̩ro de rue;151;ECOLE DE NIVEAU ELEMENTAIRE;1;OUVERT;25;27;3;25267;Doubs;Bourgogne-Franche-Comt̩;Besan̤on;47.24670496536655,6.123869733785547;99;SANS OBJET;6;MINISTERE DE L'EDUCATION NATIONALE;29/06/1965;*
0250525K;Ecole ̩l̩mentaire;ECOLE ELEMENTAIRE PUBLIQUE;;Public;15 rue des Ecoles;;;25520;GOUX LES USIERS;Goux-les-Usiers;949180.7;6657505.3;EPSG:2154;46971196130172200,00;6,27847E+15;Parfaite;Num̩ro de rue;151;ECOLE DE NIVEAU ELEMENTAIRE;1;OUVERT;25;27;3;25282;Doubs;Bourgogne-Franche-Comt̩;Besan̤on;46.971196130172274,6.278470402715874;99;SANS OBJET;6;MINISTERE DE L'EDUCATION NATIONALE;09/07/1965;*
0250535W;Ecole maternelle Fr̩d̩ric Bataille;ECOLE MATERNELLE PUBLIQUE;BATAILLE FREDERIC;Public;Place Dolhain Limbourg;;;25200;GRAND CHARMONT;Grand-Charmont;987752.4;6720894.1;EPSG:2154;4752566799918650,00;6,8256E+16;Parfaite;Num̩ro de rue;101;ECOLE MATERNELLE;1;OUVERT;25;27;3;25284;Doubs;Bourgogne-Franche-Comt̩;Besan̤on;47.52566799918655,6.8256003396262415;99;SANS OBJET;6;MINISTERE DE L'EDUCATION NATIONALE;05/07/1965;*
0250536X;Ecole maternelle Pierre Curie;ECOLE MATERNELLE PUBLIQUE;CURIE PIERRE;Public;1  RUE DE NORMANDIE;;;25200;GRAND CHARMONT;Grand-Charmont;987394.0;6722009.2;EPSG:2154;47535849922898800,00;6,82156E+15;Parfaite;Num̩ro de rue;101;ECOLE MATERNELLE;1;OUVERT;25;27;3;25284;Doubs;Bourgogne-Franche-Comt̩;Besan̤on;47.535849922898805,6.821559863976512;99;SANS OBJET;6;MINISTERE DE L'EDUCATION NATIONALE;05/07/1965;*
0250553R;Ecole ̩l̩mentaire;ECOLE ELEMENTAIRE PUBLIQUE;;Public;14 GRANDE RUE;;;25110;GUILLON LES BAINS;Guillon-les-Bains;956280.0;6696429.1;EPSG:2154;47318612175779700,00;6,39376E+15;Parfaite;Num̩ro de rue;151;ECOLE DE NIVEAU ELEMENTAIRE;1;OUVERT;25;27;3;25299;Doubs;Bourgogne-Franche-Comt̩;Besan̤on;47.318612175779755,6.393760402737068;99;SANS OBJET;6;MINISTERE DE L'EDUCATION NATIONALE;30/06/1965;*
0250560Y;Ecole ̩l̩mentaire Centre;ECOLE ELEMENTAIRE PUBLIQUE;CENTRE;Public;3 rue de l'Ancienne Mairie;;;25310;HERIMONCOURT;H̩rimoncourt;992572.7;6711491.8;EPSG:2154;4743901513701590,00;6,88344E+15;Parfaite;Num̩ro de rue;151;ECOLE DE NIVEAU ELEMENTAIRE;1;OUVERT;25;27;3;25304;Doubs;Bourgogne-Franche-Comt̩;Besan̤on;47.43901513701598,6.883439783908682;99;SANS OBJET;6;MINISTERE DE L'EDUCATION NATIONALE;13/07/1965;*
